Ticker,ApiTicker,RS_Rating,base_break,within_buy_range,volume_up_on_break,pivot,buy_upper,current_price,vol_ratio,high_52w,near_high
RGC,US:RGC,99,False,False,False,35.7,37.48500000000001,26.51,0.18585322322049794,83.6,False
ADVB,US:ADVB,98,False,False,False,5.69,5.974500000000001,3.94,2.1607207569540017,5.69,False
AG,US:AG,98,False,False,False,29.97,31.4685,29.41,0.7734224659752359,30.15,True
ALMS,US:ALMS,98,False,False,False,30.6,32.13,29.39,0.3353243987191345,30.6,True
ANRO,US:ANRO,98,False,False,False,19.91,20.9055,18.99,0.3732030019835995,20.908,True
AP,US:AP,98,True,True,False,9.35,9.8175,9.52,0.9104222425820787,9.55,True
AXTI,US:AXTI,98,True,False,True,35.08,36.834,40.97,1.4753651415246731,41.19,True
BE,US:BE,98,False,False,False,176.49,185.3145,174.77,0.9277305438381193,180.9,True
BIOA,US:BIOA,98,False,False,False,22.5,23.625,22.14,0.6629989536721654,24.0,True
BNAI,US:BNAI,98,False,False,False,86.28,90.59400000000001,29.55,0.3271325231116707,86.28,False
BW,US:BW,98,False,False,False,11.57,12.1485,9.13,0.39415938811579593,11.57,False
CAPR,US:CAPR,98,False,False,False,29.4,30.87,28.35,0.43073337294099984,40.37,False
CELC,US:CELC,98,False,False,False,120.315,126.33075000000001,107.38,0.4372300315777245,120.315,True
CLYM,US:CLYM,98,True,False,False,6.39,6.7095,7.09,1.2873537521424845,7.09,True
COGT,US:COGT,98,True,True,False,39.82,41.811,39.97,0.8822133050643531,43.73,True
DSY,US:DSY,98,False,False,False,5.0,5.25,3.37,0.0576402783134098,7.33,False
ERAS,US:ERAS,98,False,False,False,14.0,14.700000000000001,13.46,0.5881334718116694,14.17,True
FIEE,US:FIEE,98,False,False,False,7.95,8.3475,6.42,0.1433758064889115,7.95,False
GLTO,US:GLTO,98,False,False,False,33.99,35.6895,32.3,2.128851223679298,38.325,False
HYMC,US:HYMC,98,False,False,False,56.87,59.7135,48.62,0.9277478505587762,58.73,False
IBRX,US:IBRX,98,False,False,False,12.28,12.894,9.54,2.106706646283575,12.43,False
INTS,US:INTS,98,False,False,False,9.7625,10.250625,7.12,0.10053246111139173,9.7625,False
IPSC,US:IPSC,98,False,False,False,2.71,2.8455,2.18,0.3971371793758397,2.71,False
JNUG,US:JNUG,98,False,False,False,362.0,380.1,320.5,0.6851347852718123,363.0,True
KOD,US:KOD,98,False,False,False,28.78,30.219,27.62,0.5080969271241853,31.18,True
LFWD,US:LFWD,98,False,False,False,6.9996,7.3495800000000004,6.02,0.2668313368242373,6.9996,True
LITE,US:LITE,98,True,True,False,698.5,733.4250000000001,723.39,1.0113707003503976,765.0,True
MULL,US:MULL,98,False,False,False,216.206,227.0163,184.1,0.8199584731502347,216.206,True
MUU,US:MUU,98,False,False,False,249.1,261.555,207.63,0.862607358297439,249.1,False
NUAI,US:NUAI,98,False,False,False,8.38,8.799000000000001,4.9,0.5193382496243627,9.445,False
ONDS,US:ONDS,98,False,False,False,13.08,13.734,10.3,0.7411494560997905,15.28,False
OPTX,US:OPTX,98,False,False,False,9.15,9.6075,6.97,0.16288192255639772,9.15,False
PL,US:PL,98,False,False,False,28.7,30.135,24.63,0.6345866111410579,30.898,False
PRAX,US:PRAX,98,False,False,False,356.0,373.8,347.55,0.585585100849771,356.0,True
PTNM,US:PTNM,98,False,False,False,10.39,10.909500000000001,10.39,0.0,14.79,False
RAPT,US:RAPT,98,False,False,False,57.98,60.879,57.96,0.8399342220613437,57.98,True
RLMD,US:RLMD,98,True,True,False,4.52,4.7459999999999996,4.55,1.1200078455352558,5.12,True
RPGL,US:RPGL,98,False,False,False,12.566,13.194300000000002,5.5,0.01000731946088349,12.566,False
SLGL,US:SLGL,98,True,True,False,88.94,93.387,90.12,1.3112745098039216,92.0,True
SNDK,US:SNDK,98,False,False,False,725.0,761.25,632.38,1.0968456756148222,725.0,True
SNSE,US:SNSE,98,False,False,False,35.78,37.569,34.23,0.9299996526611941,36.76,True
SOGP,US:SOGP,98,False,False,False,15.675,16.458750000000002,14.12,0.416930033548889,37.0,False
TCGL,US:TCGL,98,False,False,False,355.0,372.75,172.84,0.0,355.0,False
TE,US:TE,98,False,False,False,9.78,10.269,7.22,0.9730805589441117,9.78,False
TERN,US:TERN,98,False,False,False,41.52,43.596000000000004,41.38,0.9631182200735545,48.26,True
USAS,US:USAS,98,False,False,False,9.52,9.996,8.92,0.9409790682198953,10.5,False
VSME,US:VSME,98,False,False,False,2.04,2.1420000000000003,1.84,4.907989193727558,3.21,False
VTYX,US:VTYX,98,False,False,False,14.0,14.700000000000001,13.97,0.16813313842495836,25.0,False
WBX,US:WBX,98,False,False,False,3.51,3.6854999999999998,3.25,2.6098000655522777,7.83,False
WDC,US:WDC,98,False,False,False,309.9,325.395,290.95,1.0806288688646115,309.9,True
XWIN,US:XWIN,98,False,False,False,6.39,6.7095,6.17,0.6324139192912016,6.39,True
ZEPP,US:ZEPP,98,False,False,False,26.831,28.17255,23.45,0.5731429753776123,61.85,False
AEHR,US:AEHR,97,True,True,True,40.0,42.0,41.48,1.5402851650329794,41.75,True
AREC,US:AREC,97,False,False,False,4.06,4.263,3.26,0.47468194463553137,7.11,False
ARMP,US:ARMP,97,False,False,False,11.9,12.495000000000001,10.63,2.001752778552364,16.34,False
ASM,US:ASM,97,False,False,False,11.99,12.589500000000001,8.89,0.8213200650007637,11.99,False
BATL,US:BATL,97,False,False,False,5.59,5.8695,4.09,0.49872318190875436,6.89,False
BLBX,US:BLBX,97,False,False,False,18.92,19.866000000000003,15.98,4.079754601226994,18.92,False
BNR,US:BNR,97,False,False,False,41.085,43.139250000000004,24.07,1.4124129930394431,41.72,False
CGTL,US:CGTL,97,False,False,False,6.38,6.699,2.93,0.02885875220653598,6.52,False
CIEN,US:CIEN,97,True,True,False,348.28,365.69399999999996,353.33,0.7323421769502109,365.9,True
CRML,US:CRML,97,False,False,False,18.85,19.792500000000004,10.76,0.4779107254925588,32.15,False
CRVS,US:CRVS,97,False,False,False,23.51,24.6855,18.2,0.23577620620835735,26.95,False
CTMX,US:CTMX,97,False,False,False,6.35,6.6674999999999995,5.78,0.9580422105472206,6.35,True
FORM,US:FORM,97,True,True,False,101.52,106.596,105.83,1.2547640198297847,107.04,True
GLUE,US:GLUE,97,False,False,False,23.29,24.4545,18.09,0.592563987284647,25.77,False
HL,US:HL,97,False,False,False,29.99,31.4895,23.31,0.6192534586254805,34.17,False
ICHR,US:ICHR,97,False,False,False,55.33,58.0965,52.41,1.163715833786533,55.33,True
IMMX,US:IMMX,97,False,False,False,8.885,9.32925,8.75,0.6056245065397838,8.97,True
INBX,US:INBX,97,False,False,False,88.72,93.156,80.27,1.0851434502186967,94.565,False
LAR,US:LAR,97,False,False,False,8.54,8.966999999999999,8.36,1.4495896743048844,8.8,True
LASR,US:LASR,97,False,False,False,60.755,63.792750000000005,60.6,1.8750876930416156,61.8,True
LNKS,US:LNKS,97,False,False,False,1.68,1.764,1.24,0.03755204650797392,1.68,False
LPCN,US:LPCN,97,False,False,False,11.105,11.660250000000001,9.48,0.7088816004390492,12.37,False
LPTH,US:LPTH,97,False,False,False,13.76,14.448,11.77,1.2179586061627987,15.24,False
MAZE,US:MAZE,97,False,False,False,49.25,51.712500000000006,47.23,1.055057310162773,49.25,True
MU,US:MU,97,False,False,False,455.5,478.27500000000003,429.0,0.7649885045361202,455.5,True
NEGG,US:NEGG,97,False,False,False,59.0,61.95,46.9,0.5886794233537032,137.84,False
NESR,US:NESR,97,False,False,False,26.6,27.930000000000003,25.91,0.9024039525108768,26.85,True
NKTR,US:NKTR,97,False,False,False,75.67,79.4535,70.37,0.7702921905204628,75.67,True
NUGT,US:NUGT,97,False,False,False,317.99,333.8895,288.46,0.5097039291714802,317.99,True
OLMA,US:OLMA,97,False,False,False,27.59,28.9695,24.1,0.6139438218659587,36.259,False
PEPG,US:PEPG,97,False,False,False,7.14,7.497,6.4,0.7935200110256887,7.8,False
PRLD,US:PRLD,97,False,False,False,3.31,3.4755000000000003,3.29,1.4101924552188438,4.22,False
PVLA,US:PVLA,97,True,True,True,127.69,134.0745,128.6,1.8628267555099949,129.32,True
PZG,US:PZG,97,False,False,False,2.71,2.8455,2.43,1.0373950988793743,2.71,True
RHLD,US:RHLD,97,False,False,False,213.72,224.406,190.84,1.9938808231469631,236.19,False
SATS,US:SATS,97,False,False,False,131.94,138.537,107.01,0.7012314524888537,132.25,False
SIF,US:SIF,97,False,False,False,14.77,15.5085,14.17,1.9374737976882075,14.77,True
SLS,US:SLS,97,False,False,False,4.98,5.229000000000001,4.55,0.6923583103513331,5.18,True
SOXL,US:SOXL,97,False,False,False,71.98,75.57900000000001,71.86,0.6755441872576887,72.36,True
STTK,US:STTK,97,False,False,False,4.46,4.683,4.05,0.7767102398733898,4.89,False
STX,US:STX,97,False,False,False,459.84,482.832,421.85,0.7454698811060793,459.84,True
TER,US:TER,97,True,True,False,332.42,349.04100000000005,342.82,0.9358881531391753,343.69,True
TNGX,US:TNGX,97,False,False,False,13.6,14.28,12.63,0.9273581224347793,13.6,True
TROO,US:TROO,97,False,False,False,4.45,4.6725,3.14,0.5972970491000368,5.28,False
TTMI,US:TTMI,97,False,False,False,111.0,116.55000000000001,108.86,0.6537438605346431,113.46,True
UAMY,US:UAMY,97,False,False,False,10.21,10.720500000000001,9.15,0.8594465411815945,19.71,False
UCTT,US:UCTT,97,False,False,False,72.69,76.3245,67.32,2.142365395612002,73.8,True
UUUU,US:UUUU,97,False,False,False,27.9,29.294999999999998,22.6,0.7132054989309593,27.9,False
VICR,US:VICR,97,True,True,True,190.72,200.256,197.16,1.600760064130411,203.86,True
VRTL,US:VRTL,97,True,True,False,112.65,118.28250000000001,117.165,0.641319285387082,119.89,True
VSAT,US:VSAT,97,False,False,False,49.68,52.164,47.66,0.7187614981275073,50.24,True
WULF,US:WULF,97,False,False,False,18.03,18.931500000000003,17.92,1.295815322631842,18.51,True
AAOI,US:AAOI,96,True,True,False,56.61,59.4405,58.12,0.7227450048238929,59.25,True
ACMR,US:ACMR,96,False,False,False,71.65,75.23250000000002,68.47,0.9287455370583974,71.65,True
ALXO,US:ALXO,96,False,False,False,2.66,2.793,2.42,1.523942690923739,2.66,True
APLM,US:APLM,96,False,False,False,21.99,23.0895,21.0,0.8663883089770354,42.12,False
ARWR,US:ARWR,96,False,False,False,76.11,79.91550000000001,61.615,0.6537444982409506,76.76,False
ASMG,US:ASMG,96,True,True,False,42.85,44.99250000000001,43.935,0.8458085774329969,45.082,True
AUGO,US:AUGO,96,True,True,False,81.65,85.73250000000002,84.67,1.3337507284555874,87.24,True
BLTE,US:BLTE,96,False,False,False,200.0,210.0,188.04,1.0563413023869965,200.0,True
BTM,US:BTM,96,False,False,False,6.783,7.12215,5.05,0.30339496314016173,6.88,False
CDE,US:CDE,96,False,False,False,26.57,27.898500000000002,24.59,0.5756734863410008,27.77,True
CENX,US:CENX,96,False,False,False,55.61,58.3905,53.02,1.188668482408992,55.99,True
CIFR,US:CIFR,96,False,False,False,19.305,20.27025,16.61,0.9839524761077886,25.52,False
CNTX,US:CNTX,96,False,False,False,2.85,2.9925,2.43,0.325437586392847,2.85,True
COHR,US:COHR,96,True,True,True,261.33,274.3965,267.9,1.44083340731516,276.5,True
EXK,US:EXK,96,False,False,False,14.13,14.836500000000001,13.24,0.7548013511897437,15.15,True
FET,US:FET,96,False,False,False,62.73,65.8665,59.0,1.9035177333176627,63.58,True
FIX,US:FIX,96,False,False,False,1480.97,1555.0185000000001,1450.6,0.6994477499775928,1500.0,True
GLSI,US:GLSI,96,False,False,False,34.1,35.805,26.13,0.2948396146321657,34.1,False
GLW,US:GLW,96,True,True,True,152.91,160.5555,160.43,2.0583259782288907,162.1,True
GORO,US:GORO,96,False,False,False,1.81,1.9005,1.39,0.4428875339701695,1.87,False
GPCR,US:GPCR,96,False,False,False,92.06,96.66300000000001,66.53,0.4152035299056446,94.9,False
HBM,US:HBM,96,False,False,False,28.74,30.177,27.71,1.0033701237953876,28.74,True
HUT,US:HUT,96,False,False,False,66.07,69.37349999999999,55.3,1.1132488169550694,66.07,False
IAG,US:IAG,96,False,False,False,23.13,24.2865,22.99,0.6774259657515599,23.36,True
IBIO,US:IBIO,96,True,False,True,2.72,2.8560000000000003,2.87,1.4881026495227503,6.89,False
IRD,US:IRD,96,False,False,False,3.97,4.168500000000001,3.5,0.7871091032704993,3.97,True
IREN,US:IREN,96,False,False,False,63.59,66.76950000000001,44.03,0.8222238944804168,76.87,False
IRWD,US:IRWD,96,False,False,False,5.3,5.565,3.36,2.403211539204619,5.78,False
ISSC,US:ISSC,96,True,True,False,25.15,26.4075,25.24,0.5743471138093862,25.75,True
LVLU,US:LVLU,96,False,False,False,23.67,24.853500000000004,15.57,0.08178576285528642,32.319,False
MAGH,US:MAGH,96,False,False,False,6.76,7.098,6.76,0.0,6.94,True
MCRP,US:MCRP,96,False,False,False,4.48,4.704000000000001,4.0,0.6178926131830065,5.64,False
MUX,US:MUX,96,False,False,False,29.7,31.185000000000002,27.09,3.2098160078801956,29.7,True
NAUT,US:NAUT,96,False,False,False,2.93,3.0765000000000002,2.89,1.5012882491646864,3.08,True
NERV,US:NERV,96,False,False,False,6.69,7.024500000000001,6.23,0.601275878082761,12.46,False
NGD,US:NGD,96,False,False,False,13.07,13.723500000000001,12.19,0.3733014805245544,13.63,True
NMRA,US:NMRA,96,False,False,False,3.65,3.8325,3.46,0.19606049047643195,3.65,True
OIS,US:OIS,96,False,False,False,14.45,15.1725,13.43,2.4824152558803227,14.5,True
OPEN,US:OPEN,96,False,False,False,6.0,6.300000000000001,4.98,0.5926738566732358,10.87,False
OVID,US:OVID,96,False,False,False,1.84,1.9320000000000002,1.62,1.3803969715571927,2.01,False
PACS,US:PACS,96,False,False,False,42.09,44.194500000000005,39.31,0.4934253231699401,43.08,True
POWL,US:POWL,96,False,False,False,612.5,643.125,549.0,0.7980648356253095,612.5,True
SBSW,US:SBSW,96,False,False,False,21.29,22.3545,16.77,1.0936185415818618,21.29,False
SEPN,US:SEPN,96,False,False,False,31.37,32.938500000000005,29.99,1.6274821232591905,32.63,True
SII,US:SII,96,True,True,False,158.67,166.6035,162.26,0.985369124302579,163.72,True
SKYT,US:SKYT,96,False,False,False,34.0,35.7,28.8,0.3239311607665466,36.268,False
SRZN,US:SRZN,96,False,False,False,27.96,29.358,27.03,0.3961979535830471,27.96,True
STOK,US:STOK,96,False,False,False,37.73,39.616499999999995,35.5,0.6037225042301184,38.693,True
TSMU,US:TSMU,96,False,False,False,68.739,72.17595000000001,68.238,0.6954119918848232,69.31,True
TTI,US:TTI,96,False,False,False,12.54,13.167,11.14,1.0900488572807148,12.54,True
TYRA,US:TYRA,96,True,True,False,34.07,35.7735,34.5,0.923615594446674,35.71,True
VIAV,US:VIAV,96,True,True,True,29.67,31.153500000000005,30.85,1.7798648436329623,31.42,True
AEIS,US:AEIS,95,False,False,False,340.26,357.273,338.51,1.057061474165908,347.28,True
AGCC,US:AGCC,95,False,False,False,14.655,15.38775,13.13,0.7010746399590614,15.47,False
AGH,US:AGH,95,False,False,False,4.6,4.83,4.145,0.16733196242087012,8.25,False
ALB,US:ALB,95,True,True,True,195.69,205.4745,195.87,1.4284551107854213,206.0,True
AMLX,US:AMLX,95,False,False,False,15.79,16.5795,14.37,0.3950889133553532,17.49,False
AMPX,US:AMPX,95,False,False,False,14.86,15.603,11.06,0.9555713065425856,16.03,False
ANAB,US:ANAB,95,False,False,False,57.74,60.627,55.11,0.5536314359654431,57.74,True
APLD,US:APLD,95,False,False,False,42.27,44.383500000000005,29.08,0.5923378658140243,42.27,False
ASTS,US:ASTS,95,False,False,False,129.89,136.3845,82.36,0.46613803507190155,129.89,False
ASX,US:ASX,95,True,True,False,25.04,26.292,25.11,0.6860393888626082,25.29,True
ASYS,US:ASYS,95,False,False,False,18.59,19.5195,12.76,0.3583791289382591,18.59,False
ATRO,US:ATRO,95,False,False,False,81.89,85.98450000000001,78.84,2.138138771492925,81.89,True
AU,US:AU,95,False,False,False,125.82,132.111,124.5,0.8102317105110529,128.54,True
BELFA,US:BELFA,95,False,False,False,227.42,238.791,217.16,0.5696099894591746,227.42,True
BELFB,US:BELFB,95,False,False,False,248.61,261.0405,234.67,0.7619337184554575,248.61,True
BVN,US:BVN,95,False,False,False,41.12,43.176,40.01,1.1107875335158766,41.29,True
CATX,US:CATX,95,False,False,False,6.16,6.468000000000001,5.55,0.2829781605663007,6.16,True
CBUS,US:CBUS,95,False,False,False,3.76,3.948,3.73,1.6839353104960368,3.8,True
CGAU,US:CGAU,95,False,False,False,20.4,21.419999999999998,19.18,0.5388447570305713,20.4,True
CMTL,US:CMTL,95,False,False,False,6.21,6.5205,5.16,3.1300156317800885,6.21,False
DNN,US:DNN,95,False,False,False,4.43,4.6514999999999995,4.23,0.689541547440164,4.43,True
EQ,US:EQ,95,False,False,False,1.97,2.0685000000000002,1.83,0.4183656256725551,2.35,False
FBRX,US:FBRX,95,False,False,False,35.62,37.400999999999996,28.44,2.0718881017782276,35.62,False
FEIM,US:FEIM,95,False,False,False,58.88,61.824000000000005,53.85,1.2673907336920855,61.47,True
FOSL,US:FOSL,95,False,False,False,4.9,5.1450000000000005,4.84,1.0651586825603554,5.0,True
FSLY,US:FSLY,95,False,False,False,20.27,21.2835,18.15,0.905723931641734,20.27,True
GOLD,US:GOLD,95,False,False,False,66.7,70.03500000000001,56.18,0.6802520158770912,66.7,False
GSAT,US:GSAT,95,False,False,False,68.72,72.156,63.44,0.8380014524153184,74.88,False
INTW,US:INTW,95,False,False,False,75.221,78.98205,61.22,0.81381321721962,90.32,False
KLRS,US:KLRS,95,False,False,False,11.215,11.77575,10.63,0.5517874540957806,12.9,False
LRCX,US:LRCX,95,False,False,False,251.87,264.4635,249.48,0.8160438735840472,256.68,True
LWLG,US:LWLG,95,True,False,False,4.11,4.3155,4.4,0.9069129899156145,6.26,False
MBX,US:MBX,95,False,False,False,41.39,43.459500000000006,35.64,0.6602229130837413,44.89,False
MKSI,US:MKSI,95,False,False,False,269.91,283.4055,255.91,0.7679055505562312,269.91,True
NEXA,US:NEXA,95,False,False,False,14.94,15.687,12.16,0.706948320856046,14.94,False
NG,US:NG,95,False,False,False,12.09,12.6945,11.85,0.8592688302556598,12.11,True
NVA,US:NVA,95,False,False,False,11.39,11.9595,7.41,0.7410965937763753,16.28,False
ORKA,US:ORKA,95,False,False,False,36.29,38.1045,35.28,0.6064663060126386,36.53,True
OSS,US:OSS,95,False,False,False,11.09,11.6445,9.05,0.5355607725317305,12.75,False
QTTB,US:QTTB,95,True,True,False,4.7,4.9350000000000005,4.73,0.9988385598141696,6.37,False
SA,US:SA,95,True,True,False,37.66,39.543,37.75,0.4017610244738023,38.51,True
SI=F,US:SI=F,95,False,False,False,121.3,127.36500000000001,90.939,0.30989824236817765,121.3,False
SIFY,US:SIFY,95,False,False,False,16.95,17.7975,16.2,0.5205590924321478,17.85,True
SIL,US:SIL,95,False,False,False,117.04,122.89200000000001,113.27,0.7923720741562832,119.24,True
